app_label,model,field_name,field_type,related_model,null,blank
admin,LogEntry,id,AutoField,,False,True
admin,LogEntry,action_time,DateTimeField,,False,False
admin,LogEntry,user,ForeignKey,auth.User,False,False
admin,LogEntry,content_type,ForeignKey,contenttypes.ContentType,True,True
admin,LogEntry,object_id,TextField,,True,True
admin,LogEntry,object_repr,CharField,,False,False
admin,LogEntry,action_flag,PositiveSmallIntegerField,,False,False
admin,LogEntry,change_message,TextField,,False,True
auth,Permission,group,ManyToManyField,auth.Group,True,
auth,Permission,user,ManyToManyField,auth.User,True,
auth,Permission,id,AutoField,,False,True
auth,Permission,name,CharField,,False,False
auth,Permission,content_type,ForeignKey,contenttypes.ContentType,False,False
auth,Permission,codename,CharField,,False,False
auth,Group,user,ManyToManyField,auth.User,True,
auth,Group,id,AutoField,,False,True
auth,Group,name,CharField,,False,False
auth,Group,permissions,ManyToManyField,auth.Permission,False,True
auth,User,logentry,ForeignKey,admin.LogEntry,True,
auth,User,roles_created,ForeignKey,core.Role,True,
auth,User,rolerequest,ForeignKey,core.RoleRequest,True,
auth,User,role_requests_reviewed,ForeignKey,core.RoleRequest,True,
auth,User,accesslog,ForeignKey,core.AccessLog,True,
auth,User,permission_matrices_created,ForeignKey,core.PermissionMatrix,True,
auth,User,temporaryaccessoverride,ForeignKey,core.TemporaryAccessOverride,True,
auth,User,granted_overrides,ForeignKey,core.TemporaryAccessOverride,True,
auth,User,revoked_overrides,ForeignKey,core.TemporaryAccessOverride,True,
auth,User,job_titles_created,ForeignKey,core.JobTitle,True,
auth,User,units_created,ForeignKey,core.Unit,True,
auth,User,evaluation_criteria_created,ForeignKey,core.EvaluationCriteria,True,
auth,User,production_stage_types_created,ForeignKey,core.ProductionStageType,True,
auth,User,risk_thresholds_created,ForeignKey,core.RiskThreshold,True,
auth,User,employee,OneToOneField,core.Employee,True,
auth,User,smartaccounttemplate,ForeignKey,core.SmartAccountTemplate,True,
auth,User,inventoryaudit,ForeignKey,inventory.InventoryAudit,True,
auth,User,discrepancy_reports,ForeignKey,inventory.InventoryDiscrepancyInvestigation,True,
auth,User,mediafile,ForeignKey,media.MediaFile,True,
auth,User,suspiciousactivity,ForeignKey,internal_monitoring.SuspiciousActivity,True,
auth,User,riskincident,ForeignKey,internal_monitoring.RiskIncident,True,
auth,User,reportlog,ForeignKey,internal_monitoring.ReportLog,True,
auth,User,disciplinaryaction,ForeignKey,internal_monitoring.DisciplinaryAction,True,
auth,User,actions_taken,ForeignKey,internal_monitoring.DisciplinaryAction,True,
auth,User,paymentorder,ForeignKey,accounting.PaymentOrder,True,
auth,User,aidecisionlog,ForeignKey,ai_decision.AIDecisionLog,True,
auth,User,clientaccess,OneToOneField,client_portal.ClientAccess,True,
auth,User,notifications,ForeignKey,notifications.Notification,True,
auth,User,offlinesynclog,ForeignKey,offline_sync.OfflineSyncLog,True,
auth,User,risk,ForeignKey,risk_management.Risk,True,
auth,User,chatthread,ManyToManyField,communication.ChatThread,True,
auth,User,message,ForeignKey,communication.Message,True,
auth,User,document,ForeignKey,document_center.Document,True,
auth,User,botmessage,ForeignKey,internal_bot.BotMessage,True,
auth,User,article,ForeignKey,knowledge_center.Article,True,
auth,User,rfq,ForeignKey,rfq.RFQ,True,
auth,User,employeeagreement,ForeignKey,work_regulations.EmployeeAgreement,True,
auth,User,id,AutoField,,False,True
auth,User,password,CharField,,False,False
auth,User,last_login,DateTimeField,,True,True
auth,User,is_superuser,BooleanField,,False,False
auth,User,username,CharField,,False,False
auth,User,first_name,CharField,,False,True
auth,User,last_name,CharField,,False,True
auth,User,email,CharField,,False,True
auth,User,is_staff,BooleanField,,False,False
auth,User,is_active,BooleanField,,False,False
auth,User,date_joined,DateTimeField,,False,False
auth,User,groups,ManyToManyField,auth.Group,False,True
auth,User,user_permissions,ManyToManyField,auth.Permission,False,True
contenttypes,ContentType,logentry,ForeignKey,admin.LogEntry,True,
contenttypes,ContentType,permission,ForeignKey,auth.Permission,True,
contenttypes,ContentType,mediafile,ForeignKey,media.MediaFile,True,
contenttypes,ContentType,id,AutoField,,False,True
contenttypes,ContentType,app_label,CharField,,False,False
contenttypes,ContentType,model,CharField,,False,False
sessions,Session,session_key,CharField,,False,False
sessions,Session,session_data,TextField,,False,False
sessions,Session,expire_date,DateTimeField,,False,False
django_celery_results,TaskResult,id,AutoField,,False,True
django_celery_results,TaskResult,task_id,CharField,,False,False
django_celery_results,TaskResult,periodic_task_name,CharField,,True,False
django_celery_results,TaskResult,task_name,CharField,,True,False
django_celery_results,TaskResult,task_args,TextField,,True,False
django_celery_results,TaskResult,task_kwargs,TextField,,True,False
django_celery_results,TaskResult,status,CharField,,False,False
django_celery_results,TaskResult,worker,CharField,,True,False
django_celery_results,TaskResult,content_type,CharField,,False,False
django_celery_results,TaskResult,content_encoding,CharField,,False,False
django_celery_results,TaskResult,result,TextField,,True,False
django_celery_results,TaskResult,date_created,DateTimeField,,False,True
django_celery_results,TaskResult,date_started,DateTimeField,,True,False
django_celery_results,TaskResult,date_done,DateTimeField,,False,True
django_celery_results,TaskResult,traceback,TextField,,True,True
django_celery_results,TaskResult,meta,TextField,,True,False
django_celery_results,ChordCounter,id,AutoField,,False,True
django_celery_results,ChordCounter,group_id,CharField,,False,False
django_celery_results,ChordCounter,sub_tasks,TextField,,False,False
django_celery_results,ChordCounter,count,PositiveIntegerField,,False,False
django_celery_results,GroupResult,id,AutoField,,False,True
django_celery_results,GroupResult,group_id,CharField,,False,False
django_celery_results,GroupResult,date_created,DateTimeField,,False,True
django_celery_results,GroupResult,date_done,DateTimeField,,False,True
django_celery_results,GroupResult,content_type,CharField,,False,False
django_celery_results,GroupResult,content_encoding,CharField,,False,False
django_celery_results,GroupResult,result,TextField,,True,False
django_celery_beat,SolarSchedule,periodictask,ForeignKey,django_celery_beat.PeriodicTask,True,
django_celery_beat,SolarSchedule,id,AutoField,,False,True
django_celery_beat,SolarSchedule,event,CharField,,False,False
django_celery_beat,SolarSchedule,latitude,DecimalField,,False,False
django_celery_beat,SolarSchedule,longitude,DecimalField,,False,False
django_celery_beat,IntervalSchedule,periodictask,ForeignKey,django_celery_beat.PeriodicTask,True,
django_celery_beat,IntervalSchedule,id,AutoField,,False,True
django_celery_beat,IntervalSchedule,every,IntegerField,,False,False
django_celery_beat,IntervalSchedule,period,CharField,,False,False
django_celery_beat,ClockedSchedule,periodictask,ForeignKey,django_celery_beat.PeriodicTask,True,
django_celery_beat,ClockedSchedule,id,AutoField,,False,True
django_celery_beat,ClockedSchedule,clocked_time,DateTimeField,,False,False
django_celery_beat,CrontabSchedule,periodictask,ForeignKey,django_celery_beat.PeriodicTask,True,
django_celery_beat,CrontabSchedule,id,AutoField,,False,True
django_celery_beat,CrontabSchedule,minute,CharField,,False,False
django_celery_beat,CrontabSchedule,hour,CharField,,False,False
django_celery_beat,CrontabSchedule,day_of_month,CharField,,False,False
django_celery_beat,CrontabSchedule,month_of_year,CharField,,False,False
django_celery_beat,CrontabSchedule,day_of_week,CharField,,False,False
django_celery_beat,CrontabSchedule,timezone,CharField,,False,False
django_celery_beat,PeriodicTasks,ident,SmallIntegerField,,False,False
django_celery_beat,PeriodicTasks,last_update,DateTimeField,,False,False
django_celery_beat,PeriodicTask,id,AutoField,,False,True
django_celery_beat,PeriodicTask,name,CharField,,False,False
django_celery_beat,PeriodicTask,task,CharField,,False,False
django_celery_beat,PeriodicTask,interval,ForeignKey,django_celery_beat.IntervalSchedule,True,True
django_celery_beat,PeriodicTask,crontab,ForeignKey,django_celery_beat.CrontabSchedule,True,True
django_celery_beat,PeriodicTask,solar,ForeignKey,django_celery_beat.SolarSchedule,True,True
django_celery_beat,PeriodicTask,clocked,ForeignKey,django_celery_beat.ClockedSchedule,True,True
django_celery_beat,PeriodicTask,args,TextField,,False,True
django_celery_beat,PeriodicTask,kwargs,TextField,,False,True
django_celery_beat,PeriodicTask,queue,CharField,,True,True
django_celery_beat,PeriodicTask,exchange,CharField,,True,True
django_celery_beat,PeriodicTask,routing_key,CharField,,True,True
django_celery_beat,PeriodicTask,headers,TextField,,False,True
django_celery_beat,PeriodicTask,priority,PositiveIntegerField,,True,True
django_celery_beat,PeriodicTask,expires,DateTimeField,,True,True
django_celery_beat,PeriodicTask,expire_seconds,PositiveIntegerField,,True,True
django_celery_beat,PeriodicTask,one_off,BooleanField,,False,False
django_celery_beat,PeriodicTask,start_time,DateTimeField,,True,True
django_celery_beat,PeriodicTask,enabled,BooleanField,,False,False
django_celery_beat,PeriodicTask,last_run_at,DateTimeField,,True,True
django_celery_beat,PeriodicTask,total_run_count,PositiveIntegerField,,False,False
django_celery_beat,PeriodicTask,date_changed,DateTimeField,,False,True
django_celery_beat,PeriodicTask,description,TextField,,False,True
core,DepartmentRole,id,BigAutoField,,False,True
core,DepartmentRole,name,CharField,,False,False
core,DepartmentRole,description,TextField,,True,True
core,DepartmentRole,is_active,BooleanField,,False,False
core,Role,rolerequest,ForeignKey,core.RoleRequest,True,
core,Role,permissionmatrix,ForeignKey,core.PermissionMatrix,True,
core,Role,temporaryaccessoverride,ForeignKey,core.TemporaryAccessOverride,True,
core,Role,id,BigAutoField,,False,True
core,Role,name,CharField,,False,False
core,Role,description,TextField,,True,True
core,Role,is_active,BooleanField,,False,False
core,Role,created_by,ForeignKey,auth.User,True,True
core,Role,created_at,DateTimeField,,False,True
core,RoleRequest,id,BigAutoField,,False,True
core,RoleRequest,user,ForeignKey,auth.User,False,False
core,RoleRequest,requested_role,ForeignKey,core.Role,False,False
core,RoleRequest,justification,TextField,,False,False
core,RoleRequest,requested_at,DateTimeField,,False,True
core,RoleRequest,status,CharField,,False,False
core,RoleRequest,response_reason,TextField,,True,True
core,RoleRequest,reviewed_by,ForeignKey,auth.User,True,True
core,RoleRequest,reviewed_at,DateTimeField,,True,True
core,AccessLog,id,BigAutoField,,False,True
core,AccessLog,user,ForeignKey,auth.User,False,False
core,AccessLog,action,CharField,,False,False
core,AccessLog,timestamp,DateTimeField,,False,True
core,AccessLog,ip_address,GenericIPAddressField,,True,True
core,AccessLog,user_agent,TextField,,True,True
core,AccessLog,location,CharField,,True,True
core,PermissionMatrix,id,BigAutoField,,False,True
core,PermissionMatrix,role,ForeignKey,core.Role,False,False
core,PermissionMatrix,model_name,CharField,,False,False
core,PermissionMatrix,can_create,BooleanField,,False,False
core,PermissionMatrix,can_read,BooleanField,,False,False
core,PermissionMatrix,can_update,BooleanField,,False,False
core,PermissionMatrix,can_delete,BooleanField,,False,False
core,PermissionMatrix,section,CharField,,True,True
core,PermissionMatrix,override_reason,TextField,,True,True
core,PermissionMatrix,created_by,ForeignKey,auth.User,True,True
core,PermissionMatrix,created_at,DateTimeField,,False,True
core,TemporaryAccessOverride,id,BigAutoField,,False,True
core,TemporaryAccessOverride,user,ForeignKey,auth.User,False,False
core,TemporaryAccessOverride,role,ForeignKey,core.Role,False,False
core,TemporaryAccessOverride,reason,TextField,,False,False
core,TemporaryAccessOverride,granted_by,ForeignKey,auth.User,True,True
core,TemporaryAccessOverride,granted_at,DateTimeField,,False,True
core,TemporaryAccessOverride,expires_at,DateTimeField,,False,False
core,TemporaryAccessOverride,is_revoked,BooleanField,,False,False
core,TemporaryAccessOverride,revoked_by,ForeignKey,auth.User,True,True
core,TemporaryAccessOverride,revoked_at,DateTimeField,,True,True
core,TemporaryAccessOverride,is_auto_generated,BooleanField,,False,False
core,TemporaryAccessOverride,section,CharField,,True,True
core,JobTitle,production_stages,ManyToManyField,core.ProductionStageType,True,
core,JobTitle,id,BigAutoField,,False,True
core,JobTitle,name,CharField,,False,False
core,JobTitle,description,TextField,,True,True
core,JobTitle,salary_type,CharField,,False,False
core,JobTitle,default_piece_rate,DecimalField,,True,True
core,JobTitle,hourly_rate,DecimalField,,True,True
core,JobTitle,default_daily_hours,PositiveIntegerField,,False,False
core,JobTitle,is_active,BooleanField,,False,False
core,JobTitle,visible_on_payroll,BooleanField,,False,False
core,JobTitle,used_in_sections,ArrayField,,True,True
core,JobTitle,linked_to_production_stage,CharField,,True,True
core,JobTitle,created_by,ForeignKey,auth.User,True,True
core,JobTitle,created_at,DateTimeField,,False,True
core,Unit,id,BigAutoField,,False,True
core,Unit,name,CharField,,False,False
core,Unit,abbreviation,CharField,,False,False
core,Unit,unit_type,CharField,,False,False
core,Unit,is_active,BooleanField,,False,False
core,Unit,is_bulk_unit,BooleanField,,False,False
core,Unit,conversion_factor,FloatField,,True,True
core,Unit,used_in_models,ArrayField,,True,True
core,Unit,created_by,ForeignKey,auth.User,True,True
core,Unit,created_at,DateTimeField,,False,True
core,EvaluationCriteria,id,BigAutoField,,False,True
core,EvaluationCriteria,name,CharField,,False,False
core,EvaluationCriteria,description,TextField,,True,True
core,EvaluationCriteria,weight,FloatField,,False,False
core,EvaluationCriteria,criteria_type,CharField,,False,False
core,EvaluationCriteria,applies_to_department,CharField,,True,True
core,EvaluationCriteria,is_active,BooleanField,,False,False
core,EvaluationCriteria,auto_generated,BooleanField,,False,False
core,EvaluationCriteria,created_by,ForeignKey,auth.User,True,True
core,EvaluationCriteria,created_at,DateTimeField,,False,True
core,ProductionStageType,id,BigAutoField,,False,True
core,ProductionStageType,name,CharField,,False,False
core,ProductionStageType,description,TextField,,True,True
core,ProductionStageType,order,PositiveIntegerField,,False,False
core,ProductionStageType,is_active,BooleanField,,False,False
core,ProductionStageType,estimated_duration_minutes,PositiveIntegerField,,True,True
core,ProductionStageType,requires_machine,BooleanField,,False,False
core,ProductionStageType,created_by,ForeignKey,auth.User,True,True
core,ProductionStageType,created_at,DateTimeField,,False,True
core,ProductionStageType,linked_job_titles,ManyToManyField,core.JobTitle,False,True
core,RiskThreshold,id,BigAutoField,,False,True
core,RiskThreshold,risk_type,CharField,,False,False
core,RiskThreshold,threshold_value,FloatField,,False,False
core,RiskThreshold,severity_level,CharField,,False,False
core,RiskThreshold,applies_to_section,CharField,,True,True
core,RiskThreshold,auto_detected_field,CharField,,True,True
core,RiskThreshold,action_required,TextField,,True,True
core,RiskThreshold,trigger_auto_action,BooleanField,,False,False
core,RiskThreshold,is_active,BooleanField,,False,False
core,RiskThreshold,created_by,ForeignKey,auth.User,True,True
core,RiskThreshold,created_at,DateTimeField,,False,True
core,Department,employee,ForeignKey,core.Employee,True,
core,Department,id,BigAutoField,,False,True
core,Department,name,CharField,,False,False
core,Department,code,CharField,,False,False
core,Department,manager,CharField,,True,True
core,Department,note,TextField,,True,True
core,Employee,id,BigAutoField,,False,True
core,Employee,user,OneToOneField,auth.User,False,False
core,Employee,name,CharField,,False,False
core,Employee,department,ForeignKey,core.Department,True,True
core,Employee,job_title,CharField,,False,False
core,Employee,email,CharField,,True,True
core,Employee,phone,CharField,,True,True
core,Client,id,BigAutoField,,False,True
core,Client,name,CharField,,False,False
core,Client,email,CharField,,True,True
core,Client,phone,CharField,,True,True
core,Client,address,TextField,,True,True
core,Client,points,PositiveIntegerField,,False,False
core,SmartAccountTemplate,id,BigAutoField,,False,True
core,SmartAccountTemplate,name,CharField,,False,False
core,SmartAccountTemplate,description,TextField,,True,True
core,SmartAccountTemplate,transaction_type,CharField,,False,False
core,SmartAccountTemplate,suggested_debit_account,CharField,,False,False
core,SmartAccountTemplate,suggested_credit_account,CharField,,False,False
core,SmartAccountTemplate,created_by,ForeignKey,auth.User,True,True
core,SmartAccountTemplate,created_at,DateTimeField,,False,True
core,SmartAccountTemplate,is_active,BooleanField,,False,False
employees,Department,id,BigAutoField,,False,True
employees,Department,name,CharField,,False,False
employees,Employee,employees_attendance_records,ForeignKey,employees.AttendanceRecord,True,
employees,Employee,employees_monthly_incentives,ForeignKey,employees.MonthlyIncentive,True,
employees,Employee,evaluation,ForeignKey,evaluation.Evaluation,True,
employees,Employee,latenessabsence,ForeignKey,evaluation.LatenessAbsence,True,
employees,Employee,payroll_salaries,ForeignKey,payroll.Salary,True,
employees,Employee,payroll_advances,ForeignKey,payroll.Advance,True,
employees,Employee,payroll_payment_records,ForeignKey,payroll.PaymentRecord,True,
employees,Employee,payroll_attendance_records,ForeignKey,payroll.AttendanceRecord,True,
employees,Employee,payroll_monthly_incentives,ForeignKey,payroll.MonthlyIncentive,True,
employees,Employee,disciplinerecord,ForeignKey,discipline.DisciplineRecord,True,
employees,Employee,monitoringrecord,ForeignKey,employee_monitoring.MonitoringRecord,True,
employees,Employee,monitoring_evaluations,ForeignKey,employee_monitoring.Evaluation,True,
employees,Employee,productionstage,ForeignKey,production.ProductionStage,True,
employees,Employee,productionscanqr,ForeignKey,production.ProductionScanQR,True,
employees,Employee,qualitycheck,ForeignKey,production.QualityCheck,True,
employees,Employee,productversion,ForeignKey,production.ProductVersion,True,
employees,Employee,productionlog,ForeignKey,production.ProductionLog,True,
employees,Employee,surveyresponse,ForeignKey,survey.SurveyResponse,True,
employees,Employee,maintenancerequest,ForeignKey,maintenance.MaintenanceRequest,True,
employees,Employee,saleinvoice,ForeignKey,sales.SaleInvoice,True,
employees,Employee,salesperformance,ForeignKey,sales.SalesPerformance,True,
employees,Employee,purchaserequest,ForeignKey,purchases.PurchaseRequest,True,
employees,Employee,journalentry,ForeignKey,accounting.JournalEntry,True,
employees,Employee,salesinvoice,ForeignKey,accounting.SalesInvoice,True,
employees,Employee,purchaseinvoice,ForeignKey,accounting.PurchaseInvoice,True,
employees,Employee,decisions,ForeignKey,ai_decision.DecisionAnalysis,True,
employees,Employee,campaign,ForeignKey,campaigns.Campaign,True,
employees,Employee,client_portal_support_tickets,ForeignKey,client_portal.SupportTicket,True,
employees,Employee,client_portal_support_responses,ForeignKey,client_portal.SupportResponse,True,
employees,Employee,contract,ForeignKey,contracts.Contract,True,
employees,Employee,lead,ForeignKey,crm.Lead,True,
employees,Employee,interaction,ForeignKey,crm.Interaction,True,
employees,Employee,legalcase,ForeignKey,legal.LegalCase,True,
employees,Employee,legal_cases,ForeignKey,legal.LegalCase,True,
employees,Employee,possession,ForeignKey,pos.POSSession,True,
employees,Employee,managed_projects,ForeignKey,projects.Project,True,
employees,Employee,task,ForeignKey,projects.Task,True,
employees,Employee,supplier,ForeignKey,suppliers.Supplier,True,
employees,Employee,supportticket,ForeignKey,support.SupportTicket,True,
employees,Employee,supportresponse,ForeignKey,support.SupportResponse,True,
employees,Employee,id,BigAutoField,,False,True
employees,Employee,name,CharField,,False,False
employees,Employee,job_title,CharField,,True,True
employees,Employee,gender,CharField,,False,False
employees,Employee,department,ForeignKey,departments.Department,True,False
employees,Employee,national_id,CharField,,True,True
employees,Employee,phone,CharField,,True,True
employees,Employee,hire_date,DateField,,True,True
employees,Employee,active,BooleanField,,False,False
employees,Employee,total_rewards,PositiveIntegerField,,False,False
employees,Employee,total_deductions,PositiveIntegerField,,False,False
employees,Employee,total_warnings,PositiveIntegerField,,False,False
employees,Employee,total_evaluations,PositiveIntegerField,,False,False
employees,Employee,evaluation_score,FloatField,,False,False
employees,Employee,behavior_status,CharField,,False,False
employees,AttendanceRecord,id,BigAutoField,,False,True
employees,AttendanceRecord,employee,ForeignKey,employees.Employee,False,False
employees,AttendanceRecord,date,DateField,,False,False
employees,AttendanceRecord,check_in,TimeField,,True,True
employees,AttendanceRecord,is_absent,BooleanField,,False,False
employees,AttendanceRecord,is_excused_absence,BooleanField,,False,False
employees,MonthlyIncentive,id,BigAutoField,,False,True
employees,MonthlyIncentive,employee,ForeignKey,employees.Employee,False,False
employees,MonthlyIncentive,month,DateField,,False,False
employees,MonthlyIncentive,commitment_bonus,DecimalField,,False,False
employees,MonthlyIncentive,quarterly_bonus,DecimalField,,False,False
employees,MonthlyIncentive,penalty_total,DecimalField,,False,False
attendance,Attendance,id,BigAutoField,,False,True
attendance,Attendance,evaluation,ForeignKey,evaluation.Evaluation,False,False
attendance,Attendance,date,DateField,,False,False
attendance,Attendance,status,CharField,,False,False
evaluation,Evaluation,attendances,ForeignKey,attendance.Attendance,True,
evaluation,Evaluation,id,BigAutoField,,False,True
evaluation,Evaluation,employee,ForeignKey,employees.Employee,False,False
evaluation,Evaluation,date,DateField,,False,False
evaluation,Evaluation,attendance_score,IntegerField,,False,False
evaluation,Evaluation,productivity_score,IntegerField,,False,False
evaluation,Evaluation,behavior_score,IntegerField,,False,False
evaluation,Evaluation,final_score,FloatField,,False,False
evaluation,Evaluation,notes,TextField,,False,True
evaluation,LatenessAbsence,id,BigAutoField,,False,True
evaluation,LatenessAbsence,employee,ForeignKey,employees.Employee,False,False
evaluation,LatenessAbsence,date,DateField,,False,False
evaluation,LatenessAbsence,is_late,BooleanField,,False,False
evaluation,LatenessAbsence,is_absent,BooleanField,,False,False
evaluation,LatenessAbsence,reason,CharField,,True,True
payroll,Salary,payment_records,ForeignKey,payroll.PaymentRecord,True,
payroll,Salary,id,BigAutoField,,False,True
payroll,Salary,employee,ForeignKey,employees.Employee,False,False
payroll,Salary,month,IntegerField,,False,False
payroll,Salary,year,IntegerField,,False,False
payroll,Salary,base_salary,DecimalField,,False,False
payroll,Salary,production_bonus,DecimalField,,False,False
payroll,Salary,deductions,DecimalField,,False,False
payroll,Salary,final_salary,DecimalField,,False,False
payroll,Salary,note,TextField,,True,True
payroll,Salary,created_at,DateTimeField,,False,True
payroll,Salary,pdf_file,FileField,,True,True
payroll,Advance,id,BigAutoField,,False,True
payroll,Advance,employee,ForeignKey,employees.Employee,False,False
payroll,Advance,amount,DecimalField,,False,False
payroll,Advance,type,CharField,,False,False
payroll,Advance,date,DateField,,False,False
payroll,Advance,note,TextField,,True,True
payroll,PaymentRecord,historical_payments,ForeignKey,payroll.HistoricalPayment,True,
payroll,PaymentRecord,id,BigAutoField,,False,True
payroll,PaymentRecord,employee,ForeignKey,employees.Employee,False,False
payroll,PaymentRecord,amount,DecimalField,,False,False
payroll,PaymentRecord,type,CharField,,False,False
payroll,PaymentRecord,related_salary,ForeignKey,payroll.Salary,True,True
payroll,PaymentRecord,date,DateField,,False,False
payroll,PaymentRecord,note,TextField,,True,True
payroll,PaymentRecord,created_at,DateTimeField,,False,True
payroll,HistoricalPayment,id,BigAutoField,,False,True
payroll,HistoricalPayment,payment,ForeignKey,payroll.PaymentRecord,False,False
payroll,HistoricalPayment,salary_snapshot,DecimalField,,False,False
payroll,HistoricalPayment,date_recorded,DateField,,False,True
payroll,AttendanceRecord,id,BigAutoField,,False,True
payroll,AttendanceRecord,employee,ForeignKey,employees.Employee,False,False
payroll,AttendanceRecord,date,DateField,,False,False
payroll,AttendanceRecord,check_in,TimeField,,True,True
payroll,AttendanceRecord,check_out,TimeField,,True,True
payroll,AttendanceRecord,is_excused_absence,BooleanField,,False,False
payroll,AttendanceRecord,is_absent,BooleanField,,False,False
payroll,AttendanceRecord,is_production_based,BooleanField,,False,False
payroll,MonthlyIncentive,id,BigAutoField,,False,True
payroll,MonthlyIncentive,employee,ForeignKey,employees.Employee,False,False
payroll,MonthlyIncentive,month,DateField,,False,False
payroll,MonthlyIncentive,commitment_bonus,DecimalField,,False,False
payroll,MonthlyIncentive,quarterly_bonus,DecimalField,,False,False
payroll,MonthlyIncentive,penalty_total,DecimalField,,False,False
payroll,PolicySetting,id,BigAutoField,,False,True
payroll,PolicySetting,key,CharField,,False,False
payroll,PolicySetting,description,TextField,,False,True
payroll,PolicySetting,value,DecimalField,,False,False
departments,Department,employees,ForeignKey,employees.Employee,True,
departments,Department,purchaserequest,ForeignKey,purchases.PurchaseRequest,True,
departments,Department,id,BigAutoField,,False,True
departments,Department,name,CharField,,False,False
departments,Department,description,TextField,,True,True
departments,Department,is_active,BooleanField,,False,False
departments,Department,slug,SlugField,,True,True
departments,Department,created_at,DateTimeField,,False,False
departments,Department,updated_at,DateTimeField,,False,True
discipline,DisciplineRecord,id,BigAutoField,,False,True
discipline,DisciplineRecord,employee,ForeignKey,employees.Employee,False,False
discipline,DisciplineRecord,date,DateField,,False,True
discipline,DisciplineRecord,type,CharField,,False,False
discipline,DisciplineRecord,value_type,CharField,,False,False
discipline,DisciplineRecord,value,DecimalField,,True,True
discipline,DisciplineRecord,reason,TextField,,False,False
discipline,DisciplineRecord,created_by,CharField,,False,False
discipline,DisciplineRecord,notes,TextField,,True,True
discipline,DisciplineRecord,related_month,CharField,,True,True
discipline,DisciplineRecord,is_approved,BooleanField,,False,False
employee_monitoring,MonitoringRecord,id,BigAutoField,,False,True
employee_monitoring,MonitoringRecord,employee,ForeignKey,employees.Employee,False,False
employee_monitoring,MonitoringRecord,status,CharField,,False,False
employee_monitoring,MonitoringRecord,notes,TextField,,True,True
employee_monitoring,MonitoringRecord,date,DateTimeField,,False,True
employee_monitoring,Evaluation,id,BigAutoField,,False,True
employee_monitoring,Evaluation,employee,ForeignKey,employees.Employee,False,False
employee_monitoring,Evaluation,score,IntegerField,,False,False
employee_monitoring,Evaluation,date,DateField,,False,False
production,ProductionOrder,stages,ForeignKey,production.ProductionStage,True,
production,ProductionOrder,materials_used,ForeignKey,production.MaterialConsumption,True,
production,ProductionOrder,outputs,ForeignKey,production.FinalProductOutput,True,
production,ProductionOrder,productionscanqr,ForeignKey,production.ProductionScanQR,True,
production,ProductionOrder,qualitycheck,ForeignKey,production.QualityCheck,True,
production,ProductionOrder,productionlog,ForeignKey,production.ProductionLog,True,
production,ProductionOrder,executed_patterns,ForeignKey,pattern.PatternExecution,True,
production,ProductionOrder,id,BigAutoField,,False,True
production,ProductionOrder,order_number,CharField,,False,False
production,ProductionOrder,product,ForeignKey,products.FinishedProduct,False,False
production,ProductionOrder,quantity,PositiveIntegerField,,False,False
production,ProductionOrder,start_date,DateField,,False,False
production,ProductionOrder,end_date,DateField,,True,True
production,ProductionOrder,status,CharField,,False,False
production,ProductionOrder,notes,TextField,,True,True
production,ProductionOrder,created_at,DateTimeField,,False,True
production,ProductionStage,qualitycheck,ForeignKey,production.QualityCheck,True,
production,ProductionStage,productionlog,ForeignKey,production.ProductionLog,True,
production,ProductionStage,id,BigAutoField,,False,True
production,ProductionStage,order,ForeignKey,production.ProductionOrder,False,False
production,ProductionStage,stage_name,CharField,,False,False
production,ProductionStage,assigned_employee,ForeignKey,employees.Employee,True,True
production,ProductionStage,start_time,DateTimeField,,True,True
production,ProductionStage,end_time,DateTimeField,,True,True
production,ProductionStage,completed,BooleanField,,False,False
production,ProductionStage,observations,TextField,,True,True
production,MaterialConsumption,id,BigAutoField,,False,True
production,MaterialConsumption,order,ForeignKey,production.ProductionOrder,False,False
production,MaterialConsumption,material,ForeignKey,inventory.RawMaterial,False,False
production,MaterialConsumption,quantity_used,DecimalField,,False,False
production,MaterialConsumption,unit,CharField,,False,False
production,MaterialConsumption,wastage,DecimalField,,False,False
production,FinalProductOutput,id,BigAutoField,,False,True
production,FinalProductOutput,order,ForeignKey,production.ProductionOrder,False,False
production,FinalProductOutput,quantity_produced,PositiveIntegerField,,False,False
production,FinalProductOutput,produced_at,DateTimeField,,False,True
production,FinalProductOutput,remarks,TextField,,True,True
production,ProductionScanQR,id,BigAutoField,,False,True
production,ProductionScanQR,order,ForeignKey,production.ProductionOrder,False,False
production,ProductionScanQR,scan_time,DateTimeField,,False,True
production,ProductionScanQR,scanned_by,ForeignKey,employees.Employee,True,False
production,ProductionScanQR,qr_data,TextField,,False,False
production,BillOfMaterials,id,BigAutoField,,False,True
production,BillOfMaterials,product,ForeignKey,products.FinishedProduct,False,False
production,BillOfMaterials,components,JSONField,,False,False
production,BillOfMaterials,notes,TextField,,True,True
production,BillOfMaterials,created_at,DateTimeField,,False,True
production,QualityCheck,id,BigAutoField,,False,True
production,QualityCheck,product,ForeignKey,products.FinishedProduct,False,False
production,QualityCheck,order,ForeignKey,production.ProductionOrder,False,False
production,QualityCheck,stage,ForeignKey,production.ProductionStage,False,False
production,QualityCheck,inspector,ForeignKey,employees.Employee,True,True
production,QualityCheck,status,CharField,,False,False
production,QualityCheck,notes,TextField,,True,True
production,QualityCheck,inspected_at,DateTimeField,,False,True
production,ProductVersion,id,BigAutoField,,False,True
production,ProductVersion,product,ForeignKey,products.FinishedProduct,False,False
production,ProductVersion,version_code,CharField,,False,False
production,ProductVersion,season,CharField,,True,True
production,ProductVersion,created_by,ForeignKey,employees.Employee,True,True
production,ProductVersion,change_notes,TextField,,True,True
production,ProductVersion,created_at,DateTimeField,,False,True
production,ProductVersion,is_active,BooleanField,,False,False
production,ProductionLog,id,BigAutoField,,False,True
production,ProductionLog,employee,ForeignKey,employees.Employee,False,False
production,ProductionLog,order,ForeignKey,production.ProductionOrder,True,True
production,ProductionLog,stage,ForeignKey,production.ProductionStage,True,True
production,ProductionLog,date,DateField,,False,False
production,ProductionLog,quantity,PositiveIntegerField,,False,False
production,ProductionLog,unit_wage,DecimalField,,False,False
production,ProductionLog,notes,TextField,,True,True
products,Product,purchaseitem,ForeignKey,purchases.PurchaseItem,True,
products,Product,posorderitem,ForeignKey,pos.POSOrderItem,True,
products,Product,forecast,ForeignKey,demand_forecasting.Forecast,True,
products,Product,materialplanning,ForeignKey,mrp.MaterialPlanning,True,
products,Product,materialline,ForeignKey,mrp.MaterialLine,True,
products,Product,rfqitem,ForeignKey,rfq.RFQItem,True,
products,Product,rfqresponseitem,ForeignKey,rfq.RFQResponseItem,True,
products,Product,id,BigAutoField,,False,True
products,Product,name,CharField,,False,False
products,Product,code,CharField,,False,False
products,Product,description,TextField,,True,True
products,Product,price,DecimalField,,False,False
products,Product,is_active,BooleanField,,False,False
products,Product,created_at,DateTimeField,,False,True
products,FinishedProduct,productionorder,ForeignKey,production.ProductionOrder,True,
products,FinishedProduct,billofmaterials,ForeignKey,production.BillOfMaterials,True,
products,FinishedProduct,qualitycheck,ForeignKey,production.QualityCheck,True,
products,FinishedProduct,productversion,ForeignKey,production.ProductVersion,True,
products,FinishedProduct,inventoryitem,ForeignKey,inventory.InventoryItem,True,
products,FinishedProduct,inventoryaudititem,ForeignKey,inventory.InventoryAuditItem,True,
products,FinishedProduct,saleitem,ForeignKey,sales.SaleItem,True,
products,FinishedProduct,productsalesanalysis,ForeignKey,sales.ProductSalesAnalysis,True,
products,FinishedProduct,smartsalessuggestion,ForeignKey,sales.SmartSalesSuggestion,True,
products,FinishedProduct,id,BigAutoField,,False,True
products,FinishedProduct,inventory_item,ForeignKey,inventory.InventoryItem,False,False
products,FinishedProduct,product_code,CharField,,False,False
products,FinishedProduct,name,CharField,,False,False
products,FinishedProduct,quantity,PositiveIntegerField,,False,False
products,FinishedProduct,date_produced,DateField,,False,False
products,FinishedProduct,image,FileField,,True,True
products,FinishedProduct,quality_status,CharField,,False,False
products,FinishedProduct,expiration_date,DateField,,True,True
products,FinishedProduct,qr_code,FileField,,True,True
inventory,RawMaterial,materialconsumption,ForeignKey,production.MaterialConsumption,True,
inventory,RawMaterial,id,BigAutoField,,False,True
inventory,RawMaterial,name,CharField,,False,False
inventory,RawMaterial,code,CharField,,False,False
inventory,RawMaterial,unit,CharField,,False,False
inventory,RawMaterial,description,TextField,,True,True
inventory,Warehouse,inventoryitem,ForeignKey,inventory.InventoryItem,True,
inventory,Warehouse,id,BigAutoField,,False,True
inventory,Warehouse,name,CharField,,False,False
inventory,Warehouse,location,CharField,,True,True
inventory,Warehouse,manager,CharField,,False,True
inventory,Warehouse,note,TextField,,True,True
inventory,InventoryItem,finished_products,ForeignKey,products.FinishedProduct,True,
inventory,InventoryItem,movements,ForeignKey,inventory.InventoryMovement,True,
inventory,InventoryItem,id,BigAutoField,,False,True
inventory,InventoryItem,product,ForeignKey,products.FinishedProduct,False,False
inventory,InventoryItem,warehouse,ForeignKey,inventory.Warehouse,False,False
inventory,InventoryItem,quantity,DecimalField,,False,False
inventory,InventoryItem,unit,CharField,,False,False
inventory,InventoryItem,min_threshold,DecimalField,,False,False
inventory,InventoryItem,last_updated,DateTimeField,,False,True
inventory,InventoryMovement,id,BigAutoField,,False,True
inventory,InventoryMovement,item,ForeignKey,inventory.InventoryItem,False,False
inventory,InventoryMovement,movement_type,CharField,,False,False
inventory,InventoryMovement,quantity,DecimalField,,False,False
inventory,InventoryMovement,date,DateTimeField,,False,False
inventory,InventoryMovement,note,TextField,,True,True
inventory,InventoryAudit,items,ForeignKey,inventory.InventoryAuditItem,True,
inventory,InventoryAudit,id,BigAutoField,,False,True
inventory,InventoryAudit,audit_type,CharField,,False,False
inventory,InventoryAudit,performed_by,ForeignKey,auth.User,True,False
inventory,InventoryAudit,performed_at,DateTimeField,,False,False
inventory,InventoryAudit,notes,TextField,,True,True
inventory,InventoryAuditItem,inventorydiscrepancyinvestigation,OneToOneField,inventory.InventoryDiscrepancyInvestigation,True,
inventory,InventoryAuditItem,id,BigAutoField,,False,True
inventory,InventoryAuditItem,audit,ForeignKey,inventory.InventoryAudit,False,False
inventory,InventoryAuditItem,product,ForeignKey,products.FinishedProduct,False,False
inventory,InventoryAuditItem,system_quantity,DecimalField,,False,False
inventory,InventoryAuditItem,physical_quantity,DecimalField,,False,False
inventory,InventoryAuditItem,difference,DecimalField,,False,False
inventory,InventoryAuditItem,remarks,TextField,,True,True
inventory,InventoryDiscrepancyInvestigation,id,BigAutoField,,False,True
inventory,InventoryDiscrepancyInvestigation,audit_item,OneToOneField,inventory.InventoryAuditItem,False,False
inventory,InventoryDiscrepancyInvestigation,is_resolved,BooleanField,,False,False
inventory,InventoryDiscrepancyInvestigation,action_taken,TextField,,True,True
inventory,InventoryDiscrepancyInvestigation,reported_to,ForeignKey,auth.User,True,False
inventory,InventoryDiscrepancyInvestigation,created_at,DateTimeField,,False,True
survey,Survey,questions,ForeignKey,survey.SurveyQuestion,True,
survey,Survey,surveyresponse,ForeignKey,survey.SurveyResponse,True,
survey,Survey,id,BigAutoField,,False,True
survey,Survey,title,CharField,,False,False
survey,Survey,created_at,DateTimeField,,False,True
survey,SurveyQuestion,choices,ForeignKey,survey.SurveyChoice,True,
survey,SurveyQuestion,answer,ForeignKey,survey.Answer,True,
survey,SurveyQuestion,id,BigAutoField,,False,True
survey,SurveyQuestion,survey,ForeignKey,survey.Survey,False,False
survey,SurveyQuestion,question_text,CharField,,False,False
survey,SurveyQuestion,question_type,CharField,,False,False
survey,SurveyChoice,answer,ForeignKey,survey.Answer,True,
survey,SurveyChoice,id,BigAutoField,,False,True
survey,SurveyChoice,question,ForeignKey,survey.SurveyQuestion,False,False
survey,SurveyChoice,choice_text,CharField,,False,False
survey,SurveyResponse,answers,ForeignKey,survey.Answer,True,
survey,SurveyResponse,id,BigAutoField,,False,True
survey,SurveyResponse,survey,ForeignKey,survey.Survey,False,False
survey,SurveyResponse,submitted_at,DateTimeField,,False,True
survey,SurveyResponse,employee,ForeignKey,employees.Employee,True,True
survey,SurveyResponse,client,ForeignKey,clients.Customer,True,True
survey,Answer,id,BigAutoField,,False,True
survey,Answer,response,ForeignKey,survey.SurveyResponse,False,False
survey,Answer,question,ForeignKey,survey.SurveyQuestion,False,False
survey,Answer,answer_text,TextField,,True,True
survey,Answer,selected_choice,ForeignKey,survey.SurveyChoice,True,True
survey,Answer,rating,PositiveSmallIntegerField,,True,True
tracking,ProductTracking,movements,ForeignKey,tracking.ProductTrackingMovement,True,
tracking,ProductTracking,id,BigAutoField,,False,True
tracking,ProductTracking,product_name,CharField,,False,False
tracking,ProductTracking,tracking_code,CharField,,False,False
tracking,ProductTracking,customer_name,CharField,,False,False
tracking,ProductTracking,payment_method,CharField,,False,False
tracking,ProductTracking,status,CharField,,False,False
tracking,ProductTracking,shipping_company,CharField,,False,True
tracking,ProductTracking,shipment_date,DateField,,False,False
tracking,ProductTracking,delivery_date,DateField,,True,True
tracking,ProductTracking,notes,TextField,,True,True
tracking,ProductTracking,created_at,DateTimeField,,False,True
tracking,ProductTrackingMovement,id,BigAutoField,,False,True
tracking,ProductTrackingMovement,tracking,ForeignKey,tracking.ProductTracking,False,False
tracking,ProductTrackingMovement,location,CharField,,False,False
tracking,ProductTrackingMovement,status,CharField,,False,False
tracking,ProductTrackingMovement,timestamp,DateTimeField,,False,False
tracking,ProductTrackingMovement,note,TextField,,True,True
media,MediaFile,id,BigAutoField,,False,True
media,MediaFile,name,CharField,,False,False
media,MediaFile,media_type,CharField,,False,False
media,MediaFile,file,FileField,,False,False
media,MediaFile,uploaded_by,ForeignKey,auth.User,True,True
media,MediaFile,upload_date,DateTimeField,,False,True
media,MediaFile,tags,CharField,,False,True
media,MediaFile,description,TextField,,False,True
media,MediaFile,content_type,ForeignKey,contenttypes.ContentType,True,True
media,MediaFile,object_id,PositiveIntegerField,,True,True
media,MediaFile,is_active,BooleanField,,False,False
media,MediaFile,content_object,GenericForeignKey,,,
maintenance,Machine,maintenance_logs,ForeignKey,maintenance.MaintenanceLog,True,
maintenance,Machine,maintenancerequest,ForeignKey,maintenance.MaintenanceRequest,True,
maintenance,Machine,id,BigAutoField,,False,True
maintenance,Machine,name,CharField,,False,False
maintenance,Machine,location,CharField,,False,False
maintenance,Machine,status,CharField,,False,False
maintenance,Machine,total_runtime_hours,PositiveIntegerField,,False,False
maintenance,Machine,production_line,CharField,,True,True
maintenance,MaintenanceLog,id,BigAutoField,,False,True
maintenance,MaintenanceLog,machine,ForeignKey,maintenance.Machine,False,False
maintenance,MaintenanceLog,description,TextField,,False,True
maintenance,MaintenanceLog,maintenance_date,DateField,,False,False
maintenance,MaintenanceLog,next_maintenance,DateField,,True,True
maintenance,MaintenanceLog,technician,CharField,,True,True
maintenance,MaintenanceLog,issue,TextField,,True,True
maintenance,MaintenanceLog,action_taken,TextField,,True,True
maintenance,MaintenanceRequest,id,BigAutoField,,False,True
maintenance,MaintenanceRequest,machine,ForeignKey,maintenance.Machine,False,False
maintenance,MaintenanceRequest,reported_by,ForeignKey,employees.Employee,True,False
maintenance,MaintenanceRequest,issue_description,TextField,,False,False
maintenance,MaintenanceRequest,request_date,DateField,,False,True
maintenance,MaintenanceRequest,status,CharField,,False,False
maintenance,MaintenanceRequest,resolution_notes,TextField,,True,True
monitoring,Client,distributionorder,ForeignKey,monitoring.DistributionOrder,True,
monitoring,Client,id,BigAutoField,,False,True
monitoring,Client,name,CharField,,False,False
monitoring,Client,contact,CharField,,False,True
monitoring,DistributionOrder,shipment,ForeignKey,monitoring.Shipment,True,
monitoring,DistributionOrder,id,BigAutoField,,False,True
monitoring,DistributionOrder,client,ForeignKey,monitoring.Client,False,False
monitoring,DistributionOrder,date,DateField,,False,True
monitoring,DistributionOrder,last_updated,DateTimeField,,False,True
monitoring,DistributionOrder,product_name,CharField,,False,False
monitoring,DistributionOrder,quantity,PositiveIntegerField,,False,False
monitoring,DistributionOrder,status,CharField,,False,False
monitoring,DistributionOrder,notes,TextField,,False,True
monitoring,Shipment,id,BigAutoField,,False,True
monitoring,Shipment,tracking_number,CharField,,False,False
monitoring,Shipment,order,ForeignKey,monitoring.DistributionOrder,False,False
monitoring,Shipment,shipped_date,DateField,,False,False
monitoring,Shipment,status,CharField,,False,False
monitoring,Shipment,location,CharField,,False,True
monitoring,Shipment,delivery_notes,TextField,,False,True
internal_monitoring,InventoryDiscrepancy,id,BigAutoField,,False,True
internal_monitoring,InventoryDiscrepancy,product,CharField,,False,False
internal_monitoring,InventoryDiscrepancy,quantity_missing,IntegerField,,False,False
internal_monitoring,InventoryDiscrepancy,reported_at,DateTimeField,,False,True
internal_monitoring,InventoryDiscrepancy,resolved,BooleanField,,False,False
internal_monitoring,SuspiciousActivity,id,BigAutoField,,False,True
internal_monitoring,SuspiciousActivity,user,ForeignKey,auth.User,True,False
internal_monitoring,SuspiciousActivity,description,TextField,,False,False
internal_monitoring,SuspiciousActivity,timestamp,DateTimeField,,False,True
internal_monitoring,SuspiciousActivity,resolved,BooleanField,,False,False
internal_monitoring,RiskIncident,id,BigAutoField,,False,True
internal_monitoring,RiskIncident,user,ForeignKey,auth.User,True,False
internal_monitoring,RiskIncident,category,CharField,,False,False
internal_monitoring,RiskIncident,event_type,CharField,,False,False
internal_monitoring,RiskIncident,risk_level,CharField,,False,False
internal_monitoring,RiskIncident,notes,TextField,,False,True
internal_monitoring,RiskIncident,created_at,DateTimeField,,False,True
internal_monitoring,ReportLog,id,BigAutoField,,False,True
internal_monitoring,ReportLog,user,ForeignKey,auth.User,True,False
internal_monitoring,ReportLog,action,CharField,,False,False
internal_monitoring,ReportLog,details,TextField,,True,True
internal_monitoring,ReportLog,timestamp,DateTimeField,,False,True
internal_monitoring,ReportLog,is_resolved,BooleanField,,False,False
internal_monitoring,ReportLog,resolution_notes,TextField,,True,True
internal_monitoring,DisciplinaryAction,id,BigAutoField,,False,True
internal_monitoring,DisciplinaryAction,user,ForeignKey,auth.User,True,False
internal_monitoring,DisciplinaryAction,action_type,CharField,,False,False
internal_monitoring,DisciplinaryAction,reason,TextField,,False,False
internal_monitoring,DisciplinaryAction,taken_by,ForeignKey,auth.User,True,False
internal_monitoring,DisciplinaryAction,action_date,DateTimeField,,False,True
internal_monitoring,DisciplinaryAction,notes,TextField,,True,True
pattern,PatternDesign,pieces,ForeignKey,pattern.PatternPiece,True,
pattern,PatternDesign,patternexecution,ForeignKey,pattern.PatternExecution,True,
pattern,PatternDesign,id,BigAutoField,,False,True
pattern,PatternDesign,name,CharField,,False,False
pattern,PatternDesign,description,TextField,,True,True
pattern,PatternDesign,created_at,DateTimeField,,False,True
pattern,PatternDesign,updated_at,DateTimeField,,False,True
pattern,PatternDesign,image,FileField,,True,True
pattern,PatternDesign,gerber_file,FileField,,True,True
pattern,PatternDesign,pattern_type,CharField,,False,False
pattern,PatternPiece,id,BigAutoField,,False,True
pattern,PatternPiece,design,ForeignKey,pattern.PatternDesign,False,False
pattern,PatternPiece,name,CharField,,False,False
pattern,PatternPiece,fabric_type,CharField,,False,False
pattern,PatternPiece,length_cm,FloatField,,False,False
pattern,PatternPiece,width_cm,FloatField,,False,False
pattern,PatternPiece,quantity,PositiveIntegerField,,False,False
pattern,PatternExecution,id,BigAutoField,,False,True
pattern,PatternExecution,production_order,ForeignKey,production.ProductionOrder,False,False
pattern,PatternExecution,design,ForeignKey,pattern.PatternDesign,False,False
pattern,PatternExecution,executed_at,DateTimeField,,False,True
pattern,PatternExecution,notes,TextField,,True,True
pattern,PatternExecution,operator_name,CharField,,False,False
voice_commands,VoiceCommand,id,BigAutoField,,False,True
voice_commands,VoiceCommand,user,CharField,,False,False
voice_commands,VoiceCommand,role,CharField,,False,False
voice_commands,VoiceCommand,audio_file,FileField,,False,False
voice_commands,VoiceCommand,transcript,TextField,,True,True
voice_commands,VoiceCommand,timestamp,DateTimeField,,False,True
clients,Partner,addresses,ForeignKey,clients.Address,True,
clients,Partner,customer_profile,OneToOneField,clients.Customer,True,
clients,Partner,id,BigAutoField,,False,True
clients,Partner,name,CharField,,False,False
clients,Partner,type,CharField,,False,False
clients,Partner,phone,CharField,,True,True
clients,Partner,email,CharField,,True,True
clients,Partner,tax_number,CharField,,True,True
clients,Partner,accounting_code,CharField,,True,True
clients,Partner,is_active,BooleanField,,False,False
clients,Partner,notes,TextField,,True,True
clients,Partner,last_activity,DateTimeField,,False,False
clients,Partner,created_at,DateTimeField,,False,True
clients,Partner,updated_at,DateTimeField,,False,True
clients,Address,id,BigAutoField,,False,True
clients,Address,partner,ForeignKey,clients.Partner,False,False
clients,Address,address_type,CharField,,False,False
clients,Address,country,CharField,,True,True
clients,Address,governorate,CharField,,True,True
clients,Address,city,CharField,,True,True
clients,Address,street,CharField,,True,True
clients,Address,postal_code,CharField,,True,True
clients,Customer,survey_responses,ForeignKey,survey.SurveyResponse,True,
clients,Customer,saleinvoice,ForeignKey,sales.SaleInvoice,True,
clients,Customer,clientpointslog,ForeignKey,sales.ClientPointsLog,True,
clients,Customer,clientactivity,ForeignKey,sales.ClientActivity,True,
clients,Customer,campaigntarget,ForeignKey,campaigns.CampaignTarget,True,
clients,Customer,clientaccess,ForeignKey,client_portal.ClientAccess,True,
clients,Customer,client_portal_support_tickets,ForeignKey,client_portal.SupportTicket,True,
clients,Customer,contract,ForeignKey,contracts.Contract,True,
clients,Customer,legalcase,ForeignKey,legal.LegalCase,True,
clients,Customer,posorder,ForeignKey,pos.POSOrder,True,
clients,Customer,shipment,ForeignKey,shipping.Shipment,True,
clients,Customer,supportticket,ForeignKey,support.SupportTicket,True,
clients,Customer,id,BigAutoField,,False,True
clients,Customer,partner,OneToOneField,clients.Partner,False,False
clients,Customer,client_type,CharField,,False,False
clients,Customer,points,PositiveIntegerField,,False,False
clients,Customer,total_purchases,DecimalField,,False,False
clients,Customer,last_purchase_date,DateField,,True,True
clients,Customer,profile_image,FileField,,True,True
clients,Customer,created_at,DateTimeField,,False,True
clients,Client,survey_responses,ForeignKey,survey.SurveyResponse,True,
clients,Client,saleinvoice,ForeignKey,sales.SaleInvoice,True,
clients,Client,clientpointslog,ForeignKey,sales.ClientPointsLog,True,
clients,Client,clientactivity,ForeignKey,sales.ClientActivity,True,
clients,Client,campaigntarget,ForeignKey,campaigns.CampaignTarget,True,
clients,Client,clientaccess,ForeignKey,client_portal.ClientAccess,True,
clients,Client,client_portal_support_tickets,ForeignKey,client_portal.SupportTicket,True,
clients,Client,contract,ForeignKey,contracts.Contract,True,
clients,Client,legalcase,ForeignKey,legal.LegalCase,True,
clients,Client,posorder,ForeignKey,pos.POSOrder,True,
clients,Client,shipment,ForeignKey,shipping.Shipment,True,
clients,Client,supportticket,ForeignKey,support.SupportTicket,True,
clients,Client,id,BigAutoField,,False,True
clients,Client,partner,OneToOneField,clients.Partner,False,False
clients,Client,client_type,CharField,,False,False
clients,Client,points,PositiveIntegerField,,False,False
clients,Client,total_purchases,DecimalField,,False,False
clients,Client,last_purchase_date,DateField,,True,True
clients,Client,profile_image,FileField,,True,True
clients,Client,created_at,DateTimeField,,False,True
sales,SaleInvoice,items,ForeignKey,sales.SaleItem,True,
sales,SaleInvoice,clientpointslog,ForeignKey,sales.ClientPointsLog,True,
sales,SaleInvoice,client_portal_support_tickets,ForeignKey,client_portal.SupportTicket,True,
sales,SaleInvoice,shipment,ForeignKey,shipping.Shipment,True,
sales,SaleInvoice,supportticket,ForeignKey,support.SupportTicket,True,
sales,SaleInvoice,id,BigAutoField,,False,True
sales,SaleInvoice,invoice_number,CharField,,False,False
sales,SaleInvoice,client,ForeignKey,clients.Client,False,False
sales,SaleInvoice,date,DateField,,False,False
sales,SaleInvoice,total_amount,DecimalField,,False,False
sales,SaleInvoice,payment_method,CharField,,False,False
sales,SaleInvoice,created_by,ForeignKey,employees.Employee,True,False
sales,SaleInvoice,created_at,DateTimeField,,False,True
sales,SaleInvoice,accounting_code,CharField,,True,True
sales,SaleItem,id,BigAutoField,,False,True
sales,SaleItem,invoice,ForeignKey,sales.SaleInvoice,False,False
sales,SaleItem,product,ForeignKey,products.FinishedProduct,False,False
sales,SaleItem,quantity,PositiveIntegerField,,False,False
sales,SaleItem,unit_price,DecimalField,,False,False
sales,SaleItem,discount,DecimalField,,False,False
sales,ClientPointsLog,id,BigAutoField,,False,True
sales,ClientPointsLog,client,ForeignKey,clients.Client,False,False
sales,ClientPointsLog,points,PositiveIntegerField,,False,False
sales,ClientPointsLog,source_invoice,ForeignKey,sales.SaleInvoice,True,True
sales,ClientPointsLog,date,DateTimeField,,False,True
sales,SalesPerformance,id,BigAutoField,,False,True
sales,SalesPerformance,employee,ForeignKey,employees.Employee,False,False
sales,SalesPerformance,date,DateField,,False,False
sales,SalesPerformance,sales_total,DecimalField,,False,False
sales,ProductSalesAnalysis,id,BigAutoField,,False,True
sales,ProductSalesAnalysis,product,ForeignKey,products.FinishedProduct,False,False
sales,ProductSalesAnalysis,month,DateField,,False,False
sales,ProductSalesAnalysis,total_sold,PositiveIntegerField,,False,False
sales,ProductSalesAnalysis,alerts,TextField,,True,True
sales,ClientActivity,id,BigAutoField,,False,True
sales,ClientActivity,client,ForeignKey,clients.Client,False,False
sales,ClientActivity,last_purchase_date,DateField,,True,True
sales,ClientActivity,total_purchases,DecimalField,,False,False
sales,ClientActivity,is_active,BooleanField,,False,False
sales,SmartSalesSuggestion,id,BigAutoField,,False,True
sales,SmartSalesSuggestion,product,ForeignKey,products.FinishedProduct,False,False
sales,SmartSalesSuggestion,suggested_action,TextField,,False,False
sales,SmartSalesSuggestion,created_at,DateTimeField,,False,True
purchases,PurchaseRequest,items,ForeignKey,purchases.PurchaseItem,True,
purchases,PurchaseRequest,purchaseorder,OneToOneField,purchases.PurchaseOrder,True,
purchases,PurchaseRequest,id,BigAutoField,,False,True
purchases,PurchaseRequest,requested_by,ForeignKey,employees.Employee,False,False
purchases,PurchaseRequest,department,ForeignKey,departments.Department,False,False
purchases,PurchaseRequest,purpose,TextField,,False,False
purchases,PurchaseRequest,status,CharField,,False,False
purchases,PurchaseRequest,created_at,DateTimeField,,False,True
purchases,PurchaseItem,id,BigAutoField,,False,True
purchases,PurchaseItem,request,ForeignKey,purchases.PurchaseRequest,False,False
purchases,PurchaseItem,product,ForeignKey,products.Product,False,False
purchases,PurchaseItem,quantity,PositiveIntegerField,,False,False
purchases,PurchaseItem,notes,TextField,,True,True
purchases,PurchaseOrder,purchaseinvoice,OneToOneField,purchases.PurchaseInvoice,True,
purchases,PurchaseOrder,id,BigAutoField,,False,True
purchases,PurchaseOrder,purchase_request,OneToOneField,purchases.PurchaseRequest,False,False
purchases,PurchaseOrder,supplier_name,CharField,,False,False
purchases,PurchaseOrder,total_amount,DecimalField,,False,False
purchases,PurchaseOrder,order_date,DateField,,False,False
purchases,PurchaseOrder,expected_delivery,DateField,,True,True
purchases,PurchaseOrder,is_delivered,BooleanField,,False,False
purchases,PurchaseInvoice,id,BigAutoField,,False,True
purchases,PurchaseInvoice,order,OneToOneField,purchases.PurchaseOrder,False,False
purchases,PurchaseInvoice,invoice_number,CharField,,False,False
purchases,PurchaseInvoice,invoice_date,DateField,,False,False
purchases,PurchaseInvoice,amount,DecimalField,,False,False
purchases,PurchaseInvoice,account,ForeignKey,accounting.Account,True,True
accounting,Supplier,payment_orders,ForeignKey,accounting.PaymentOrder,True,
accounting,Supplier,account,OneToOneField,accounting.Account,True,
accounting,Supplier,supplier_invoices,ForeignKey,accounting.SupplierInvoice,True,
accounting,Supplier,purchase_invoices,ForeignKey,accounting.PurchaseInvoice,True,
accounting,Supplier,id,BigAutoField,,False,True
accounting,Supplier,name,CharField,,False,False
accounting,Supplier,phone,CharField,,True,True
accounting,Supplier,email,CharField,,True,True
accounting,Supplier,address,TextField,,True,True
accounting,Supplier,governorate,CharField,,True,True
accounting,Customer,invoices,ForeignKey,accounting.Invoice,True,
accounting,Customer,account,OneToOneField,accounting.Account,True,
accounting,Customer,sales_invoices,ForeignKey,accounting.SalesInvoice,True,
accounting,Customer,id,BigAutoField,,False,True
accounting,Customer,name,CharField,,False,False
accounting,Customer,phone,CharField,,True,True
accounting,Customer,email,CharField,,True,True
accounting,Customer,address,TextField,,True,True
accounting,Customer,governorate,CharField,,True,True
accounting,PaymentMethod,posorder,ForeignKey,pos.POSOrder,True,
accounting,PaymentMethod,shipment,ForeignKey,shipping.Shipment,True,
accounting,PaymentMethod,id,BigAutoField,,False,True
accounting,PaymentMethod,name,CharField,,False,False
accounting,PaymentMethod,is_active,BooleanField,,False,False
accounting,PaymentMethod,notes,TextField,,True,True
accounting,PaymentOrder,id,BigAutoField,,False,True
accounting,PaymentOrder,supplier,ForeignKey,accounting.Supplier,False,False
accounting,PaymentOrder,amount,DecimalField,,False,False
accounting,PaymentOrder,payment_method,CharField,,False,False
accounting,PaymentOrder,payment_date,DateField,,False,False
accounting,PaymentOrder,reference,CharField,,True,True
accounting,PaymentOrder,note,TextField,,True,True
accounting,PaymentOrder,created_by,ForeignKey,auth.User,True,False
accounting,Asset,id,BigAutoField,,False,True
accounting,Asset,name,CharField,,False,False
accounting,Asset,asset_type,CharField,,False,False
accounting,Asset,purchase_date,DateField,,False,False
accounting,Asset,value,DecimalField,,False,False
accounting,Asset,depreciation_rate,DecimalField,,False,False
accounting,Asset,is_active,BooleanField,,False,False
accounting,Asset,notes,TextField,,True,True
accounting,Expense,id,BigAutoField,,False,True
accounting,Expense,description,CharField,,False,False
accounting,Expense,category,CharField,,False,False
accounting,Expense,amount,DecimalField,,False,False
accounting,Expense,date,DateField,,False,False
accounting,Expense,created_at,DateTimeField,,False,True
accounting,Invoice,payments,ForeignKey,accounting.Payment,True,
accounting,Invoice,journal_entries,ForeignKey,accounting.JournalEntry,True,
accounting,Invoice,id,BigAutoField,,False,True
accounting,Invoice,number,CharField,,False,False
accounting,Invoice,customer,ForeignKey,accounting.Customer,False,False
accounting,Invoice,date_issued,DateField,,False,False
accounting,Invoice,due_date,DateField,,False,False
accounting,Invoice,payment_method,CharField,,False,False
accounting,Invoice,sale_type,CharField,,False,False
accounting,Invoice,currency,CharField,,False,False
accounting,Invoice,total_amount,DecimalField,,False,False
accounting,Invoice,status,CharField,,False,False
accounting,Invoice,notes,TextField,,True,True
accounting,Invoice,created_at,DateTimeField,,False,True
accounting,Payment,id,BigAutoField,,False,True
accounting,Payment,invoice,ForeignKey,accounting.Invoice,False,False
accounting,Payment,amount,DecimalField,,False,False
accounting,Payment,payment_date,DateField,,False,False
accounting,Payment,notes,TextField,,True,True
accounting,Account,purchaseinvoice,ForeignKey,purchases.PurchaseInvoice,True,
accounting,Account,journalitem,ForeignKey,accounting.JournalItem,True,
accounting,Account,id,BigAutoField,,False,True
accounting,Account,name,CharField,,False,False
accounting,Account,code,CharField,,False,False
accounting,Account,type,CharField,,False,False
accounting,Account,supplier,OneToOneField,accounting.Supplier,True,True
accounting,Account,customer,OneToOneField,accounting.Customer,True,True
accounting,JournalEntry,items,ForeignKey,accounting.JournalItem,True,
accounting,JournalEntry,id,BigAutoField,,False,True
accounting,JournalEntry,date,DateField,,False,False
accounting,JournalEntry,description,CharField,,False,False
accounting,JournalEntry,amount,DecimalField,,False,False
accounting,JournalEntry,entry_type,CharField,,False,False
accounting,JournalEntry,debit,DecimalField,,False,False
accounting,JournalEntry,credit,DecimalField,,False,False
accounting,JournalEntry,invoice,ForeignKey,accounting.Invoice,True,True
accounting,JournalEntry,created_by,ForeignKey,employees.Employee,True,True
accounting,JournalItem,id,BigAutoField,,False,True
accounting,JournalItem,entry,ForeignKey,accounting.JournalEntry,False,False
accounting,JournalItem,account,ForeignKey,accounting.Account,False,False
accounting,JournalItem,debit,DecimalField,,False,False
accounting,JournalItem,credit,DecimalField,,False,False
accounting,AccountingSuggestionLog,id,BigAutoField,,False,True
accounting,AccountingSuggestionLog,timestamp,DateTimeField,,False,True
accounting,AccountingSuggestionLog,suggested_by_ai,BooleanField,,False,False
accounting,AccountingSuggestionLog,suggestion_type,CharField,,False,False
accounting,AccountingSuggestionLog,description,TextField,,False,False
accounting,AccountingSuggestionLog,risk_level,CharField,,False,False
accounting,AccountingSuggestionLog,resolved,BooleanField,,False,False
accounting,BillOfMaterial,manufacturing_orders,ForeignKey,accounting.ManufacturingOrder,True,
accounting,BillOfMaterial,id,BigAutoField,,False,True
accounting,BillOfMaterial,name,CharField,,False,False
accounting,BillOfMaterial,product_name,CharField,,False,False
accounting,BillOfMaterial,components_json,TextField,,True,True
accounting,BillOfMaterial,total_cost,DecimalField,,False,False
accounting,ManufacturingOrder,id,BigAutoField,,False,True
accounting,ManufacturingOrder,order_number,CharField,,False,False
accounting,ManufacturingOrder,bom,ForeignKey,accounting.BillOfMaterial,False,False
accounting,ManufacturingOrder,quantity,PositiveIntegerField,,False,False
accounting,ManufacturingOrder,status,CharField,,False,False
accounting,ManufacturingOrder,start_date,DateField,,False,False
accounting,ManufacturingOrder,end_date,DateField,,True,True
accounting,ManufacturingOrder,actual_cost,DecimalField,,True,True
accounting,ManufacturingOrder,notes,TextField,,True,True
accounting,SupplierInvoice,id,BigAutoField,,False,True
accounting,SupplierInvoice,number,CharField,,False,False
accounting,SupplierInvoice,supplier,ForeignKey,accounting.Supplier,False,False
accounting,SupplierInvoice,date_issued,DateField,,False,False
accounting,SupplierInvoice,due_date,DateField,,False,False
accounting,SupplierInvoice,payment_method,CharField,,False,False
accounting,SupplierInvoice,currency,CharField,,False,False
accounting,SupplierInvoice,total_amount,DecimalField,,False,False
accounting,SupplierInvoice,status,CharField,,False,False
accounting,SupplierInvoice,notes,TextField,,True,True
accounting,SupplierInvoice,created_at,DateTimeField,,False,True
accounting,SalesInvoice,items,ForeignKey,accounting.InvoiceItem,True,
accounting,SalesInvoice,id,BigAutoField,,False,True
accounting,SalesInvoice,number,CharField,,False,False
accounting,SalesInvoice,customer,ForeignKey,accounting.Customer,False,False
accounting,SalesInvoice,date_issued,DateField,,False,False
accounting,SalesInvoice,due_date,DateField,,False,False
accounting,SalesInvoice,total_amount,DecimalField,,False,False
accounting,SalesInvoice,status,CharField,,False,False
accounting,SalesInvoice,notes,TextField,,True,True
accounting,SalesInvoice,created_by,ForeignKey,employees.Employee,True,True
accounting,SalesInvoice,created_at,DateTimeField,,False,True
accounting,PurchaseInvoice,items,ForeignKey,accounting.InvoiceItem,True,
accounting,PurchaseInvoice,id,BigAutoField,,False,True
accounting,PurchaseInvoice,number,CharField,,False,False
accounting,PurchaseInvoice,supplier,ForeignKey,accounting.Supplier,False,False
accounting,PurchaseInvoice,date_issued,DateField,,False,False
accounting,PurchaseInvoice,due_date,DateField,,False,False
accounting,PurchaseInvoice,total_amount,DecimalField,,False,False
accounting,PurchaseInvoice,status,CharField,,False,False
accounting,PurchaseInvoice,notes,TextField,,True,True
accounting,PurchaseInvoice,created_by,ForeignKey,employees.Employee,True,True
accounting,PurchaseInvoice,created_at,DateTimeField,,False,True
accounting,InvoiceItem,id,BigAutoField,,False,True
accounting,InvoiceItem,sales_invoice,ForeignKey,accounting.SalesInvoice,True,True
accounting,InvoiceItem,purchase_invoice,ForeignKey,accounting.PurchaseInvoice,True,True
accounting,InvoiceItem,product_name,CharField,,False,False
accounting,InvoiceItem,quantity,PositiveIntegerField,,False,False
accounting,InvoiceItem,unit_price,DecimalField,,False,False
accounting,InvoiceItem,notes,TextField,,True,True
accounting,CashTransaction,id,BigAutoField,,False,True
accounting,CashTransaction,amount,DecimalField,,False,False
accounting,CashTransaction,date,DateField,,False,False
accounting,CashTransaction,description,TextField,,True,True
accounting,CashTransaction,created_at,DateTimeField,,False,True
ai_decision,AIDecisionAlert,id,BigAutoField,,False,True
ai_decision,AIDecisionAlert,title,CharField,,False,False
ai_decision,AIDecisionAlert,description,TextField,,True,True
ai_decision,AIDecisionAlert,created_at,DateTimeField,,False,True
ai_decision,AIDecisionAlert,is_resolved,BooleanField,,False,False
ai_decision,DecisionAnalysis,id,BigAutoField,,False,True
ai_decision,DecisionAnalysis,employee,ForeignKey,employees.Employee,False,False
ai_decision,DecisionAnalysis,decision_type,CharField,,False,False
ai_decision,DecisionAnalysis,production_score,FloatField,,False,False
ai_decision,DecisionAnalysis,behavior_score,FloatField,,False,False
ai_decision,DecisionAnalysis,financial_impact,FloatField,,False,False
ai_decision,DecisionAnalysis,final_suggestion,CharField,,False,False
ai_decision,DecisionAnalysis,created_at,DateTimeField,,False,True
ai_decision,AIDecisionLog,id,BigAutoField,,False,True
ai_decision,AIDecisionLog,user,ForeignKey,auth.User,True,False
ai_decision,AIDecisionLog,event_type,CharField,,False,False
ai_decision,AIDecisionLog,description,TextField,,False,False
ai_decision,AIDecisionLog,risk_level,CharField,,False,False
ai_decision,AIDecisionLog,created_at,DateTimeField,,False,True
whatsapp_bot,WhatsAppOrder,id,BigAutoField,,False,True
whatsapp_bot,WhatsAppOrder,customer_phone,CharField,,False,False
whatsapp_bot,WhatsAppOrder,message,TextField,,False,False
whatsapp_bot,WhatsAppOrder,reply,TextField,,True,True
whatsapp_bot,WhatsAppOrder,status,CharField,,False,False
whatsapp_bot,WhatsAppOrder,created_at,DateTimeField,,False,True
campaigns,Campaign,targets,ForeignKey,campaigns.CampaignTarget,True,
campaigns,Campaign,id,BigAutoField,,False,True
campaigns,Campaign,name,CharField,,False,False
campaigns,Campaign,content,TextField,,False,False
campaigns,Campaign,channel,CharField,,False,False
campaigns,Campaign,scheduled_date,DateTimeField,,False,False
campaigns,Campaign,created_by,ForeignKey,employees.Employee,True,False
campaigns,Campaign,is_sent,BooleanField,,False,False
campaigns,CampaignTarget,id,BigAutoField,,False,True
campaigns,CampaignTarget,campaign,ForeignKey,campaigns.Campaign,False,False
campaigns,CampaignTarget,client,ForeignKey,clients.Client,False,False
campaigns,CampaignTarget,is_delivered,BooleanField,,False,False
campaigns,CampaignTarget,response,TextField,,True,True
client_portal,ClientAccess,id,BigAutoField,,False,True
client_portal,ClientAccess,user,OneToOneField,auth.User,False,False
client_portal,ClientAccess,client,ForeignKey,clients.Client,False,False
client_portal,ClientAccess,created_at,DateTimeField,,False,True
client_portal,SupportTicket,responses,ForeignKey,client_portal.SupportResponse,True,
client_portal,SupportTicket,id,BigAutoField,,False,True
client_portal,SupportTicket,title,CharField,,False,False
client_portal,SupportTicket,description,TextField,,False,False
client_portal,SupportTicket,client,ForeignKey,clients.Client,False,False
client_portal,SupportTicket,invoice,ForeignKey,sales.SaleInvoice,True,True
client_portal,SupportTicket,priority,CharField,,False,False
client_portal,SupportTicket,status,CharField,,False,False
client_portal,SupportTicket,assigned_to,ForeignKey,employees.Employee,True,True
client_portal,SupportTicket,created_at,DateTimeField,,False,True
client_portal,SupportResponse,id,BigAutoField,,False,True
client_portal,SupportResponse,ticket,ForeignKey,client_portal.SupportTicket,False,False
client_portal,SupportResponse,responder,ForeignKey,employees.Employee,True,False
client_portal,SupportResponse,message,TextField,,False,False
client_portal,SupportResponse,created_at,DateTimeField,,False,True
contracts,Contract,id,BigAutoField,,False,True
contracts,Contract,title,CharField,,False,False
contracts,Contract,contract_type,CharField,,False,False
contracts,Contract,related_client,ForeignKey,clients.Client,True,True
contracts,Contract,related_supplier,ForeignKey,suppliers.Supplier,True,True
contracts,Contract,related_employee,ForeignKey,employees.Employee,True,True
contracts,Contract,start_date,DateField,,False,False
contracts,Contract,end_date,DateField,,False,False
contracts,Contract,value,DecimalField,,False,False
contracts,Contract,notes,TextField,,False,True
contracts,Contract,attachment,FileField,,True,True
crm,Lead,interactions,ForeignKey,crm.Interaction,True,
crm,Lead,opportunity,ForeignKey,crm.Opportunity,True,
crm,Lead,id,BigAutoField,,False,True
crm,Lead,name,CharField,,False,False
crm,Lead,phone,CharField,,True,True
crm,Lead,email,CharField,,True,True
crm,Lead,source,CharField,,True,True
crm,Lead,status,CharField,,False,False
crm,Lead,created_at,DateTimeField,,False,True
crm,Lead,assigned_to,ForeignKey,employees.Employee,True,True
crm,Interaction,id,BigAutoField,,False,True
crm,Interaction,lead,ForeignKey,crm.Lead,False,False
crm,Interaction,date,DateTimeField,,False,True
crm,Interaction,note,TextField,,False,False
crm,Interaction,by,ForeignKey,employees.Employee,True,False
crm,Opportunity,id,BigAutoField,,False,True
crm,Opportunity,lead,ForeignKey,crm.Lead,False,False
crm,Opportunity,value,DecimalField,,False,False
crm,Opportunity,expected_close_date,DateField,,False,False
crm,Opportunity,is_won,BooleanField,,False,False
legal,LegalCase,id,BigAutoField,,False,True
legal,LegalCase,title,CharField,,False,False
legal,LegalCase,status,CharField,,False,False
legal,LegalCase,related_client,ForeignKey,clients.Client,True,True
legal,LegalCase,related_supplier,ForeignKey,suppliers.Supplier,True,True
legal,LegalCase,related_employee,ForeignKey,employees.Employee,True,True
legal,LegalCase,court_name,CharField,,True,True
legal,LegalCase,session_date,DateField,,True,True
legal,LegalCase,notes,TextField,,False,True
legal,LegalCase,lawyer,ForeignKey,employees.Employee,True,True
legal,LegalCase,attachment,FileField,,True,True
legal,LegalCase,created_at,DateTimeField,,False,True
notifications,Notification,id,BigAutoField,,False,True
notifications,Notification,user,ForeignKey,auth.User,False,False
notifications,Notification,title,CharField,,False,False
notifications,Notification,message,TextField,,False,False
notifications,Notification,notification_type,CharField,,False,False
notifications,Notification,link,CharField,,True,True
notifications,Notification,metadata,TextField,,True,True
notifications,Notification,created_at,DateTimeField,,False,False
notifications,Notification,read_at,DateTimeField,,True,True
notifications,Notification,is_active,BooleanField,,False,False
offline_sync,OfflineSyncLog,id,BigAutoField,,False,True
offline_sync,OfflineSyncLog,user,ForeignKey,auth.User,False,False
offline_sync,OfflineSyncLog,synced_at,DateTimeField,,False,False
offline_sync,OfflineSyncLog,data_summary,TextField,,True,True
pos,POSSession,posorder,ForeignKey,pos.POSOrder,True,
pos,POSSession,id,BigAutoField,,False,True
pos,POSSession,name,CharField,,False,False
pos,POSSession,cashier,ForeignKey,employees.Employee,False,False
pos,POSSession,start_time,DateTimeField,,False,True
pos,POSSession,end_time,DateTimeField,,True,True
pos,POSSession,is_closed,BooleanField,,False,False
pos,POSOrder,items,ForeignKey,pos.POSOrderItem,True,
pos,POSOrder,id,BigAutoField,,False,True
pos,POSOrder,session,ForeignKey,pos.POSSession,False,False
pos,POSOrder,client,ForeignKey,clients.Client,True,True
pos,POSOrder,timestamp,DateTimeField,,False,True
pos,POSOrder,total,DecimalField,,False,False
pos,POSOrder,paid,DecimalField,,False,False
pos,POSOrder,payment_method,ForeignKey,accounting.PaymentMethod,True,True
pos,POSOrder,is_refunded,BooleanField,,False,False
pos,POSOrderItem,id,BigAutoField,,False,True
pos,POSOrderItem,order,ForeignKey,pos.POSOrder,False,False
pos,POSOrderItem,product,ForeignKey,products.Product,False,False
pos,POSOrderItem,quantity,PositiveIntegerField,,False,False
pos,POSOrderItem,unit_price,DecimalField,,False,False
projects,Project,tasks,ForeignKey,projects.Task,True,
projects,Project,id,BigAutoField,,False,True
projects,Project,name,CharField,,False,False
projects,Project,description,TextField,,False,True
projects,Project,start_date,DateField,,False,False
projects,Project,end_date,DateField,,False,False
projects,Project,status,CharField,,False,False
projects,Project,manager,ForeignKey,employees.Employee,True,False
projects,Task,id,BigAutoField,,False,True
projects,Task,project,ForeignKey,projects.Project,False,False
projects,Task,title,CharField,,False,False
projects,Task,description,TextField,,False,True
projects,Task,assigned_to,ForeignKey,employees.Employee,True,False
projects,Task,due_date,DateField,,False,False
projects,Task,status,CharField,,False,False
risk_management,Risk,id,BigAutoField,,False,True
risk_management,Risk,title,CharField,,False,False
risk_management,Risk,description,TextField,,False,False
risk_management,Risk,risk_type,CharField,,False,False
risk_management,Risk,severity,CharField,,False,False
risk_management,Risk,probability,IntegerField,,False,False
risk_management,Risk,mitigation_plan,TextField,,False,True
risk_management,Risk,reported_by,ForeignKey,auth.User,True,False
risk_management,Risk,reported_at,DateTimeField,,False,True
risk_management,Risk,is_resolved,BooleanField,,False,False
shipping,ShippingCompany,shipment,ForeignKey,shipping.Shipment,True,
shipping,ShippingCompany,id,BigAutoField,,False,True
shipping,ShippingCompany,name,CharField,,False,False
shipping,ShippingCompany,contact_info,TextField,,True,True
shipping,Shipment,id,BigAutoField,,False,True
shipping,Shipment,invoice,ForeignKey,sales.SaleInvoice,False,False
shipping,Shipment,client,ForeignKey,clients.Client,False,False
shipping,Shipment,company,ForeignKey,shipping.ShippingCompany,True,False
shipping,Shipment,tracking_number,CharField,,False,False
shipping,Shipment,status,CharField,,False,False
shipping,Shipment,shipping_date,DateTimeField,,False,True
shipping,Shipment,delivery_date,DateTimeField,,True,True
shipping,Shipment,cost,DecimalField,,False,False
shipping,Shipment,payment_method,ForeignKey,accounting.PaymentMethod,True,True
suppliers,Supplier,contract,ForeignKey,contracts.Contract,True,
suppliers,Supplier,legalcase,ForeignKey,legal.LegalCase,True,
suppliers,Supplier,rfqresponse,ForeignKey,rfq.RFQResponse,True,
suppliers,Supplier,id,BigAutoField,,False,True
suppliers,Supplier,name,CharField,,False,False
suppliers,Supplier,phone,CharField,,True,True
suppliers,Supplier,email,CharField,,True,True
suppliers,Supplier,address,TextField,,True,True
suppliers,Supplier,governorate,CharField,,True,True
suppliers,Supplier,supplier_type,CharField,,True,True
suppliers,Supplier,status,CharField,,False,False
suppliers,Supplier,created_by,ForeignKey,employees.Employee,True,False
suppliers,Supplier,created_at,DateTimeField,,False,True
support,SupportTicket,responses,ForeignKey,support.SupportResponse,True,
support,SupportTicket,id,BigAutoField,,False,True
support,SupportTicket,title,CharField,,False,False
support,SupportTicket,description,TextField,,False,False
support,SupportTicket,client,ForeignKey,clients.Client,False,False
support,SupportTicket,invoice,ForeignKey,sales.SaleInvoice,True,True
support,SupportTicket,priority,CharField,,False,False
support,SupportTicket,status,CharField,,False,False
support,SupportTicket,assigned_to,ForeignKey,employees.Employee,True,True
support,SupportTicket,created_at,DateTimeField,,False,True
support,SupportResponse,id,BigAutoField,,False,True
support,SupportResponse,ticket,ForeignKey,support.SupportTicket,False,False
support,SupportResponse,responder,ForeignKey,employees.Employee,True,False
support,SupportResponse,message,TextField,,False,False
support,SupportResponse,created_at,DateTimeField,,False,True
asset_lifecycle,Asset,id,BigAutoField,,False,True
asset_lifecycle,Asset,name,CharField,,False,False
asset_lifecycle,Asset,serial_number,CharField,,False,False
asset_lifecycle,Asset,category,CharField,,False,False
asset_lifecycle,Asset,purchase_date,DateField,,False,False
asset_lifecycle,Asset,cost,DecimalField,,False,False
asset_lifecycle,Asset,current_value,DecimalField,,False,False
asset_lifecycle,Asset,status,CharField,,False,False
asset_lifecycle,Asset,notes,TextField,,False,True
backup_center,BackupRecord,id,BigAutoField,,False,True
backup_center,BackupRecord,created_at,DateTimeField,,False,True
backup_center,BackupRecord,file_path,CharField,,False,False
backup_center,BackupRecord,file_type,CharField,,False,False
communication,ChatThread,message,ForeignKey,communication.Message,True,
communication,ChatThread,id,BigAutoField,,False,True
communication,ChatThread,created_at,DateTimeField,,False,True
communication,ChatThread,participants,ManyToManyField,auth.User,False,False
communication,Message,id,BigAutoField,,False,True
communication,Message,thread,ForeignKey,communication.ChatThread,False,False
communication,Message,sender,ForeignKey,auth.User,False,False
communication,Message,text,TextField,,False,False
communication,Message,timestamp,DateTimeField,,False,True
demand_forecasting,Forecast,id,BigAutoField,,False,True
demand_forecasting,Forecast,product,ForeignKey,products.Product,False,False
demand_forecasting,Forecast,forecast_month,DateField,,False,False
demand_forecasting,Forecast,predicted_quantity,PositiveIntegerField,,False,False
demand_forecasting,Forecast,created_at,DateTimeField,,False,True
document_center,Document,id,BigAutoField,,False,True
document_center,Document,title,CharField,,False,False
document_center,Document,type,CharField,,False,False
document_center,Document,department,CharField,,False,False
document_center,Document,uploaded_by,ForeignKey,auth.User,True,False
document_center,Document,file,FileField,,False,False
document_center,Document,uploaded_at,DateTimeField,,False,True
document_center,Document,notes,TextField,,False,True
expenses,Expense,id,BigAutoField,,False,True
expenses,Expense,title,CharField,,False,False
expenses,Expense,amount,DecimalField,,False,False
expenses,Expense,category,CharField,,False,False
expenses,Expense,date,DateField,,False,False
expenses,Expense,notes,TextField,,False,True
internal_bot,BotMessage,id,BigAutoField,,False,True
internal_bot,BotMessage,user,ForeignKey,auth.User,False,False
internal_bot,BotMessage,question,TextField,,False,False
internal_bot,BotMessage,answer,TextField,,False,False
internal_bot,BotMessage,timestamp,DateTimeField,,False,True
knowledge_center,Category,article,ForeignKey,knowledge_center.Article,True,
knowledge_center,Category,id,BigAutoField,,False,True
knowledge_center,Category,name,CharField,,False,False
knowledge_center,Article,id,BigAutoField,,False,True
knowledge_center,Article,title,CharField,,False,False
knowledge_center,Article,content,TextField,,False,False
knowledge_center,Article,category,ForeignKey,knowledge_center.Category,False,False
knowledge_center,Article,created_by,ForeignKey,auth.User,True,False
knowledge_center,Article,created_at,DateTimeField,,False,True
knowledge_center,Article,is_active,BooleanField,,False,False
mrp,MaterialPlanning,lines,ForeignKey,mrp.MaterialLine,True,
mrp,MaterialPlanning,id,BigAutoField,,False,True
mrp,MaterialPlanning,product,ForeignKey,products.Product,False,False
mrp,MaterialPlanning,planned_quantity,PositiveIntegerField,,False,False
mrp,MaterialPlanning,required_date,DateField,,False,False
mrp,MaterialPlanning,created_at,DateTimeField,,False,True
mrp,MaterialPlanning,auto_generated,BooleanField,,False,False
mrp,MaterialLine,id,BigAutoField,,False,True
mrp,MaterialLine,planning,ForeignKey,mrp.MaterialPlanning,False,False
mrp,MaterialLine,material,ForeignKey,products.Product,False,False
mrp,MaterialLine,required_qty,PositiveIntegerField,,False,False
mrp,MaterialLine,available_qty,PositiveIntegerField,,False,False
mrp,MaterialLine,shortage_qty,IntegerField,,False,False
recruitment,JobPosition,application,ForeignKey,recruitment.Application,True,
recruitment,JobPosition,id,BigAutoField,,False,True
recruitment,JobPosition,title,CharField,,False,False
recruitment,JobPosition,department,CharField,,False,False
recruitment,JobPosition,description,TextField,,False,False
recruitment,JobPosition,posted_at,DateTimeField,,False,True
recruitment,JobPosition,is_active,BooleanField,,False,False
recruitment,Application,id,BigAutoField,,False,True
recruitment,Application,position,ForeignKey,recruitment.JobPosition,False,False
recruitment,Application,full_name,CharField,,False,False
recruitment,Application,email,CharField,,False,False
recruitment,Application,phone,CharField,,False,False
recruitment,Application,cv,FileField,,False,False
recruitment,Application,cover_letter,TextField,,False,True
recruitment,Application,status,CharField,,False,False
recruitment,Application,applied_at,DateTimeField,,False,True
rfq,RFQ,items,ForeignKey,rfq.RFQItem,True,
rfq,RFQ,rfqresponse,ForeignKey,rfq.RFQResponse,True,
rfq,RFQ,id,BigAutoField,,False,True
rfq,RFQ,title,CharField,,False,False
rfq,RFQ,created_by,ForeignKey,auth.User,True,False
rfq,RFQ,created_at,DateTimeField,,False,True
rfq,RFQ,deadline,DateField,,False,False
rfq,RFQItem,id,BigAutoField,,False,True
rfq,RFQItem,rfq,ForeignKey,rfq.RFQ,False,False
rfq,RFQItem,product,ForeignKey,products.Product,False,False
rfq,RFQItem,quantity,PositiveIntegerField,,False,False
rfq,RFQResponse,items,ForeignKey,rfq.RFQResponseItem,True,
rfq,RFQResponse,id,BigAutoField,,False,True
rfq,RFQResponse,rfq,ForeignKey,rfq.RFQ,False,False
rfq,RFQResponse,supplier,ForeignKey,suppliers.Supplier,False,False
rfq,RFQResponse,submitted_at,DateTimeField,,False,True
rfq,RFQResponseItem,id,BigAutoField,,False,True
rfq,RFQResponseItem,response,ForeignKey,rfq.RFQResponse,False,False
rfq,RFQResponseItem,product,ForeignKey,products.Product,False,False
rfq,RFQResponseItem,unit_price,DecimalField,,False,False
rfq,RFQResponseItem,delivery_time_days,PositiveIntegerField,,False,False
warehouse_map,Zone,location,ForeignKey,warehouse_map.Location,True,
warehouse_map,Zone,id,BigAutoField,,False,True
warehouse_map,Zone,name,CharField,,False,False
warehouse_map,Zone,code,CharField,,False,False
warehouse_map,Zone,description,TextField,,False,True
warehouse_map,Location,id,BigAutoField,,False,True
warehouse_map,Location,zone,ForeignKey,warehouse_map.Zone,False,False
warehouse_map,Location,label,CharField,,False,False
warehouse_map,Location,capacity,IntegerField,,False,False
warehouse_map,Location,current_occupancy,IntegerField,,False,False
work_regulations,Regulation,employeeagreement,ForeignKey,work_regulations.EmployeeAgreement,True,
work_regulations,Regulation,id,BigAutoField,,False,True
work_regulations,Regulation,title,CharField,,False,False
work_regulations,Regulation,content_html,TextField,,False,False
work_regulations,Regulation,pdf_file,FileField,,True,True
work_regulations,Regulation,created_at,DateTimeField,,False,True
work_regulations,EmployeeAgreement,id,BigAutoField,,False,True
work_regulations,EmployeeAgreement,employee,ForeignKey,auth.User,False,False
work_regulations,EmployeeAgreement,regulation,ForeignKey,work_regulations.Regulation,False,False
work_regulations,EmployeeAgreement,agreed_at,DateTimeField,,False,True
workflow,WorkflowRule,id,BigAutoField,,False,True
workflow,WorkflowRule,name,CharField,,False,False
workflow,WorkflowRule,model_name,CharField,,False,False
workflow,WorkflowRule,trigger_event,CharField,,False,False
workflow,WorkflowRule,condition_field,CharField,,False,False
workflow,WorkflowRule,condition_value,CharField,,False,False
workflow,WorkflowRule,action_type,CharField,,False,False
workflow,WorkflowRule,action_value,CharField,,False,False
